CREATE SEQUENCE SEQ_ID INCREMENT BY 1 START WITH 1;

INSERT INTO BOARD VALUES(SEQ_ID.NEXTVAL, '설문조사10', 1, 1);

INSERT INTO MANAGERS VALUES (1, 'HONGS', '홍길동', 'hhh1234@naver.com', '1234', '111-1111-1111', '2024-01-01', '123456-1234567');
INSERT INTO MANAGERS VALUES (2, 'KIM', '김길동', 'KKK5678@naver.com', '5678', '222-2222-2222', '2023-01-23', '345678-3456789');
INSERT INTO MANAGERS VALUES (3, 'PARK', '박길동', 'bbb2901@naver.com', '12345', '333-3333-3333', '2022-02-13', '654321-1235567');
COMMIT;
ROLLBACK;
SELECT * FROM board;

--날짜
INSERT INTO BOARD_DATE ( BOARD_NUMBER, END_DATE, START_DATE, NOW_DATE ) VALUES ( 1, '2024-01-18', '2023-12-26' , SYSDATE );
INSERT INTO BOARD_DATE ( BOARD_NUMBER, END_DATE, START_DATE, NOW_DATE ) VALUES ( 2, '2024-01-21', '2023-12-30' , SYSDATE );
INSERT INTO BOARD_DATE ( BOARD_NUMBER, END_DATE, START_DATE, NOW_DATE ) VALUES ( 3, '2024-02-04', '2024-01-23' , SYSDATE );
INSERT INTO BOARD_DATE ( BOARD_NUMBER, END_DATE, START_DATE, NOW_DATE ) VALUES ( 4, '2024-02-05', '2024-01-26' , SYSDATE );
INSERT INTO BOARD_DATE ( BOARD_NUMBER, END_DATE, START_DATE, NOW_DATE ) VALUES ( 5, '2024-02-11', '2024-01-30' , SYSDATE );
INSERT INTO BOARD_DATE ( BOARD_NUMBER, END_DATE, START_DATE, NOW_DATE ) VALUES ( 6, '2024-02-15', '2024-02-02' , SYSDATE );
INSERT INTO BOARD_DATE ( BOARD_NUMBER, END_DATE, START_DATE, NOW_DATE ) VALUES ( 7, '2024-02-17', '2024-02-04' , SYSDATE );
INSERT INTO BOARD_DATE ( BOARD_NUMBER, END_DATE, START_DATE, NOW_DATE ) VALUES ( 8, '2024-02-19', '2024-02-11' , SYSDATE );
INSERT INTO BOARD_DATE ( BOARD_NUMBER, END_DATE, START_DATE, NOW_DATE ) VALUES ( 9, '2024-03-02', '2024-02-18' , SYSDATE );
INSERT INTO BOARD_DATE ( BOARD_NUMBER, END_DATE, START_DATE, NOW_DATE ) VALUES ( 10, '2024-03-10', '2024-02-23' , SYSDATE );

SELECT * FROM board_date;
ROLLBACK;

-- 설문조사 목록
INSERT INTO CATEGORY( BOARD_NUMBER, CATEGORY_NUMBER, CATEGORY_CONTENT) VALUES ( 1, 1, '박보영' ) ;
INSERT INTO CATEGORY( BOARD_NUMBER, CATEGORY_NUMBER, CATEGORY_CONTENT) VALUES ( 1, 2, '한소희' ) ;
INSERT INTO CATEGORY( BOARD_NUMBER, CATEGORY_NUMBER, CATEGORY_CONTENT) VALUES ( 1, 3, '홍수주' ) ;
INSERT INTO CATEGORY( BOARD_NUMBER, CATEGORY_NUMBER, CATEGORY_CONTENT) VALUES ( 1, 4, '권나라' ) ;
INSERT INTO CATEGORY( BOARD_NUMBER, CATEGORY_NUMBER, CATEGORY_CONTENT) VALUES ( 1, 5, '조보아' ) ;
-- 선호하는 반려동물
INSERT INTO CATEGORY( BOARD_NUMBER, CATEGORY_NUMBER, CATEGORY_CONTENT) VALUES ( 2, 1, '강아지' ) ;
INSERT INTO CATEGORY( BOARD_NUMBER, CATEGORY_NUMBER, CATEGORY_CONTENT) VALUES ( 2, 2, '고양이' ) ;
INSERT INTO CATEGORY( BOARD_NUMBER, CATEGORY_NUMBER, CATEGORY_CONTENT) VALUES ( 2, 3, '거북이' ) ;
INSERT INTO CATEGORY( BOARD_NUMBER, CATEGORY_NUMBER, CATEGORY_CONTENT) VALUES ( 2, 4, '토끼' ) ;
INSERT INTO CATEGORY( BOARD_NUMBER, CATEGORY_NUMBER, CATEGORY_CONTENT) VALUES ( 2, 5, '물개' ) ;
-- 요즘 정주행하고 있는 드라마는 ?
INSERT INTO CATEGORY( BOARD_NUMBER, CATEGORY_NUMBER, CATEGORY_CONTENT) VALUES ( 3, 1, '웨딩 임파서블' ) ;
INSERT INTO CATEGORY( BOARD_NUMBER, CATEGORY_NUMBER, CATEGORY_CONTENT) VALUES ( 3, 2, '살인장난감' ) ;
INSERT INTO CATEGORY( BOARD_NUMBER, CATEGORY_NUMBER, CATEGORY_CONTENT) VALUES ( 3, 3, '로얄로더' ) ;
INSERT INTO CATEGORY( BOARD_NUMBER, CATEGORY_NUMBER, CATEGORY_CONTENT) VALUES ( 3, 4, '끝내주는 해결사' ) ;
INSERT INTO CATEGORY( BOARD_NUMBER, CATEGORY_NUMBER, CATEGORY_CONTENT) VALUES ( 3, 5, '피라미드 게임' ) ;
-- 최근 본 영화 중 추천하고 싶은 영화는 ?
INSERT INTO CATEGORY( BOARD_NUMBER, CATEGORY_NUMBER, CATEGORY_CONTENT) VALUES ( 4, 1, '듄: 파트2' ) ;
INSERT INTO CATEGORY( BOARD_NUMBER, CATEGORY_NUMBER, CATEGORY_CONTENT) VALUES ( 4, 2, '파묘' ) ;
INSERT INTO CATEGORY( BOARD_NUMBER, CATEGORY_NUMBER, CATEGORY_CONTENT) VALUES ( 4, 3, '윙카' ) ;
INSERT INTO CATEGORY( BOARD_NUMBER, CATEGORY_NUMBER, CATEGORY_CONTENT) VALUES ( 4, 4, '귀멸의 칼날' ) ;
INSERT INTO CATEGORY( BOARD_NUMBER, CATEGORY_NUMBER, CATEGORY_CONTENT) VALUES ( 4, 5, '소풍' ) ;
-- 개봉 예정 영화 중 기대되는 영화는 ?
INSERT INTO CATEGORY( BOARD_NUMBER, CATEGORY_NUMBER, CATEGORY_CONTENT) VALUES ( 5, 1, '브레드 이발소' ) ;
INSERT INTO CATEGORY( BOARD_NUMBER, CATEGORY_NUMBER, CATEGORY_CONTENT) VALUES ( 5, 2, '아이엠 티라노' ) ;
INSERT INTO CATEGORY( BOARD_NUMBER, CATEGORY_NUMBER, CATEGORY_CONTENT) VALUES ( 5, 3, '패스트 라이브즈' ) ;
INSERT INTO CATEGORY( BOARD_NUMBER, CATEGORY_NUMBER, CATEGORY_CONTENT) VALUES ( 5, 4, '가여운 것들' ) ;
INSERT INTO CATEGORY( BOARD_NUMBER, CATEGORY_NUMBER, CATEGORY_CONTENT) VALUES ( 5, 5, '비트' ) ;
-- 집들이 선물로 받고싶은 선물은 ?
INSERT INTO CATEGORY( BOARD_NUMBER, CATEGORY_NUMBER, CATEGORY_CONTENT) VALUES ( 6, 1, '휴지' ) ;
INSERT INTO CATEGORY( BOARD_NUMBER, CATEGORY_NUMBER, CATEGORY_CONTENT) VALUES ( 6, 2, '세제' ) ;
INSERT INTO CATEGORY( BOARD_NUMBER, CATEGORY_NUMBER, CATEGORY_CONTENT) VALUES ( 6, 3, '무드등' ) ;
INSERT INTO CATEGORY( BOARD_NUMBER, CATEGORY_NUMBER, CATEGORY_CONTENT) VALUES ( 6, 4, '수건세트' ) ;
INSERT INTO CATEGORY( BOARD_NUMBER, CATEGORY_NUMBER, CATEGORY_CONTENT) VALUES ( 6, 5, '찻잔/커피잔 세트' ) ;
-- 이번 지방 선거에서 몇 번 후보를 뽑으시겠습니까 ?
INSERT INTO CATEGORY( BOARD_NUMBER, CATEGORY_NUMBER, CATEGORY_CONTENT) VALUES ( 7, 1, '1번후보' ) ;
INSERT INTO CATEGORY( BOARD_NUMBER, CATEGORY_NUMBER, CATEGORY_CONTENT) VALUES ( 7, 2, '2번후보' ) ;
INSERT INTO CATEGORY( BOARD_NUMBER, CATEGORY_NUMBER, CATEGORY_CONTENT) VALUES ( 7, 3, '3번후보' ) ;
INSERT INTO CATEGORY( BOARD_NUMBER, CATEGORY_NUMBER, CATEGORY_CONTENT) VALUES ( 7, 4, '4번후보' ) ;
INSERT INTO CATEGORY( BOARD_NUMBER, CATEGORY_NUMBER, CATEGORY_CONTENT) VALUES ( 7, 5, '5번후보' ) ;
-- 선호하는 디퓨저 향은 ?
INSERT INTO CATEGORY( BOARD_NUMBER, CATEGORY_NUMBER, CATEGORY_CONTENT) VALUES ( 8, 1, '블랙베리앤베이' ) ;
INSERT INTO CATEGORY( BOARD_NUMBER, CATEGORY_NUMBER, CATEGORY_CONTENT) VALUES ( 8, 2, '블랙체리' ) ;
INSERT INTO CATEGORY( BOARD_NUMBER, CATEGORY_NUMBER, CATEGORY_CONTENT) VALUES ( 8, 3, '클린코트' ) ;
INSERT INTO CATEGORY( BOARD_NUMBER, CATEGORY_NUMBER, CATEGORY_CONTENT) VALUES ( 8, 4, '일랑일랑' ) ;
INSERT INTO CATEGORY( BOARD_NUMBER, CATEGORY_NUMBER, CATEGORY_CONTENT) VALUES ( 8, 5, '화이트머스크' ) ;
-- 겨울 여행지로 가고싶은 곳은 ?
INSERT INTO CATEGORY( BOARD_NUMBER, CATEGORY_NUMBER, CATEGORY_CONTENT) VALUES ( 9, 1, '거제' ) ;
INSERT INTO CATEGORY( BOARD_NUMBER, CATEGORY_NUMBER, CATEGORY_CONTENT) VALUES ( 9, 2, '울산' ) ;
INSERT INTO CATEGORY( BOARD_NUMBER, CATEGORY_NUMBER, CATEGORY_CONTENT) VALUES ( 9, 3, '속초' ) ;
INSERT INTO CATEGORY( BOARD_NUMBER, CATEGORY_NUMBER, CATEGORY_CONTENT) VALUES ( 9, 4, '평창' ) ;
INSERT INTO CATEGORY( BOARD_NUMBER, CATEGORY_NUMBER, CATEGORY_CONTENT) VALUES ( 9, 5, '제주' ) ;
-- 배스킨라빈스 맛 종류 중 선호하는 맛은 ?
INSERT INTO CATEGORY( BOARD_NUMBER, CATEGORY_NUMBER, CATEGORY_CONTENT) VALUES ( 10, 1, '엄마는외계인' ) ;
INSERT INTO CATEGORY( BOARD_NUMBER, CATEGORY_NUMBER, CATEGORY_CONTENT) VALUES ( 10, 2, '사랑에빠진딸기' ) ;
INSERT INTO CATEGORY( BOARD_NUMBER, CATEGORY_NUMBER, CATEGORY_CONTENT) VALUES ( 10, 3, '초코나무숲' ) ;
INSERT INTO CATEGORY( BOARD_NUMBER, CATEGORY_NUMBER, CATEGORY_CONTENT) VALUES ( 10, 4, '아몬드봉봉' ) ;
INSERT INTO CATEGORY( BOARD_NUMBER, CATEGORY_NUMBER, CATEGORY_CONTENT) VALUES ( 10, 5, '황치즈드래곤볼' ) ;



-- 회원 정보
INSERT INTO member_info
values('1','dog123','카리나','dogh123@naver.com','ss1234','940130-1335794','19-01-20','010-1234-5698','경기도 수원시');

INSERT INTO member_info
values('2','cat123','윈터','cat123@naver.com','sf1234','920321-1134873','20-04-10','010-5479-5468','경기도  광교시');

INSERT INTO member_info
values('3','gifaffe123','닝닝','gifaffe123@naver.com','se1234','780824-1478526','13-04-30','010-4564-4567','경기도 오산시');

INSERT INTO member_info
values('4','lion123','지젤','lion123@naver.com','sq1234','660201-1574125','10-08-30','010-7895-3454','경기도 화성시');

INSERT INTO member_info
values('5','rabbit123','오혜원','rabbit123@naver.com','st1234','850421-1359841','17-02-27','010-7891-7893','서울특별시 강남구');

INSERT INTO member_info
values('6','tiger123','설윤','tiger123@naver.com','sj1234','870812-2045631','08-04-30','010-7894-3456','충청북도 대전광역시');

INSERT INTO member_info
values('7','elephant123','릴리','elephant123','sl1234','730530-3458647','05-02-12','010-2134-7891','충청남도 천안시');

INSERT INTO member_info
values('8','lizard123','안유진','lizard123@naver.com','os1234','660512-2015486','12-01-12','010-6457-2314','충처남도 아산시');

INSERT INTO member_info
values('9','fire123','장원영','fire123@naver.com','sp1234','870122-2178963','22-04-30','010-3457-4567','전북특별자치도 전주시');

INSERT INTO member_info
values('10','cool123','김채원','cool123@naver.com','sb1234','840103-2766841','18-01-20','010-1234-9123','전북특별자치도 익산시');
COMMIT;
-- 투표 테이블
INSERT INTO vote (MEMBER_NUMBER, BOARD_NUMBER, CATEGORY_NUMBER) VALUES(1, 1, 1);
INSERT INTO vote (MEMBER_NUMBER, BOARD_NUMBER, CATEGORY_NUMBER) VALUES(2, 1, 2);
INSERT INTO vote (MEMBER_NUMBER, BOARD_NUMBER, CATEGORY_NUMBER) VALUES(3, 1, 3);
INSERT INTO vote (MEMBER_NUMBER, BOARD_NUMBER, CATEGORY_NUMBER) VALUES(4, 1, 1);
INSERT INTO vote (MEMBER_NUMBER, BOARD_NUMBER, CATEGORY_NUMBER) VALUES(5, 1, 2);
INSERT INTO vote (MEMBER_NUMBER, BOARD_NUMBER, CATEGORY_NUMBER) VALUES(6, 1, 4);
INSERT INTO vote (MEMBER_NUMBER, BOARD_NUMBER, CATEGORY_NUMBER) VALUES(7, 1, 3);

SELECT * FROM vote;


